"Status","Start Time","Stop Time","Duration in ms","Parent Suite","Suite","Sub Suite","Test Class","Test Method","Name","Description"
"passed","Mon Oct 05 13:20:15 UTC 2026","Mon Oct 05 13:20:16 UTC 2026","290","","GpathJSONTest","","GpathJSONTest","extractListOfValueWithFindAll","extractListOfValueWithFindAll","Returns a list of game names where reviewScore > 70 using GPath findAll"
"passed","Mon Oct 05 13:20:14 UTC 2026","Mon Oct 05 13:20:14 UTC 2026","189","","config.VideoGameNegativeParameterizedTests","","config.VideoGameNegativeParameterizedTests","getSingleGame_InvalidId_Returns404[gameId = 0]","getSingleGame_InvalidId_Returns404[gameId = 0]","Verifies that non-existent or invalid game IDs return 404"
"passed","Mon Oct 05 13:20:13 UTC 2026","Mon Oct 05 13:20:13 UTC 2026","195","","config.VideoGameTests","","config.VideoGameTests","getSingleGame","getSingleGame","Retrieves a single video game by ID"
"passed","Mon Oct 05 13:20:09 UTC 2026","Mon Oct 05 13:20:10 UTC 2026","218","","config.VideoGameParameterizedTests","","config.VideoGameParameterizedTests","getSingleGame_ReturnsValidFields[gameId = 4]","getSingleGame_ReturnsValidFields[gameId = 4]","Verifies each valid game ID returns 200 with non-null name and category"
"passed","Mon Oct 05 13:20:10 UTC 2026","Mon Oct 05 13:20:10 UTC 2026","450","","config.FootballNegativeTests","","config.FootballNegativeTests","getTeam_InvalidToken_ReturnsClientError","getTeam_InvalidToken_ReturnsClientError","Returns a client error, not 200, when calling with an invalid X-Auth-Token"
"passed","Mon Oct 05 13:20:10 UTC 2026","Mon Oct 05 13:20:11 UTC 2026","402","","config.VideoGameTests","","config.VideoGameTests","testVideoGameSerializationJSON","testVideoGameSerializationJSON","Serializes a VideoGame POJO to JSON and sends it as a POST body"
"passed","Mon Oct 05 13:20:16 UTC 2026","Mon Oct 05 13:20:16 UTC 2026","215","","GpathJSONTest","","GpathJSONTest","extractMutlipleValuesAndSumThem","extractMutlipleValuesAndSumThem","Sums all game IDs using GPath collect and sum expressions"
"passed","Mon Oct 05 13:20:14 UTC 2026","Mon Oct 05 13:20:14 UTC 2026","180","","config.VideoGameNegativeTests","","config.VideoGameNegativeTests","createGame_NullFields","createGame_NullFields","Returns 4xx when POSTing a VideoGame POJO with all null fields"
"passed","Mon Oct 05 13:20:16 UTC 2026","Mon Oct 05 13:20:16 UTC 2026","209","","GpathJSONTest","","GpathJSONTest","extractSingleValueWithFind","extractSingleValueWithFind","Finds a game by ID using GPath find expression and returns its name"
"passed","Mon Oct 05 13:20:06 UTC 2026","Mon Oct 05 13:20:07 UTC 2026","1183","","MyFirstVideoGame","","MyFirstVideoGame","myFirstTestWithEndpoint","myFirstTestWithEndpoint","Sends GET to /videogame using the static get() shorthand and logs the response"
"passed","Mon Oct 05 13:20:09 UTC 2026","Mon Oct 05 13:20:09 UTC 2026","227","","config.VideoGameParameterizedTests","","config.VideoGameParameterizedTests","getSingleGame_ReturnsValidFields[gameId = 2]","getSingleGame_ReturnsValidFields[gameId = 2]","Verifies each valid game ID returns 200 with non-null name and category"
"passed","Mon Oct 05 13:20:08 UTC 2026","Mon Oct 05 13:20:09 UTC 2026","213","","GpathXMLTests","","GpathXMLTests","getSingleNode","getSingleNode","Finds a specific game by name using GPath find and asserts the name matches"
"passed","Mon Oct 05 13:20:13 UTC 2026","Mon Oct 05 13:20:13 UTC 2026","223","","config.VideoGameTests","","config.VideoGameTests","convertJsonToPojo","convertJsonToPojo","Deserializes a JSON response into a VideoGame POJO"
"passed","Mon Oct 05 13:20:15 UTC 2026","Mon Oct 05 13:20:15 UTC 2026","195","","config.VideoGameNegativeParameterizedTests","","config.VideoGameNegativeParameterizedTests","getSingleGame_InvalidId_Returns404[gameId = 2,147,483,647]","getSingleGame_InvalidId_Returns404[gameId = 2,147,483,647]","Verifies that non-existent or invalid game IDs return 404"
"passed","Mon Oct 05 13:20:15 UTC 2026","Mon Oct 05 13:20:15 UTC 2026","209","","GpathJSONTest","","GpathJSONTest","extractMapOfElementsWithFind","extractMapOfElementsWithFind","Finds a game by name using GPath find expression and returns it as a Map"
"passed","Mon Oct 05 13:20:10 UTC 2026","Mon Oct 05 13:20:10 UTC 2026","221","","config.VideoGameParameterizedTests","","config.VideoGameParameterizedTests","getSingleGame_ReturnsValidFields[gameId = 5]","getSingleGame_ReturnsValidFields[gameId = 5]","Verifies each valid game ID returns 200 with non-null name and category"
"passed","Mon Oct 05 13:20:09 UTC 2026","Mon Oct 05 13:20:09 UTC 2026","215","","config.VideoGameParameterizedTests","","config.VideoGameParameterizedTests","getSingleGame_ReturnsValidFields[gameId = 3]","getSingleGame_ReturnsValidFields[gameId = 3]","Verifies each valid game ID returns 200 with non-null name and category"
"passed","Mon Oct 05 13:20:10 UTC 2026","Mon Oct 05 13:20:10 UTC 2026","191","","config.VideoGameTests","","config.VideoGameTests","createNewGameByJSON","createNewGameByJSON","Creates a new video game using a JSON body"
"passed","Mon Oct 05 13:20:14 UTC 2026","Mon Oct 05 13:20:14 UTC 2026","190","","config.VideoGameNegativeTests","","config.VideoGameNegativeTests","getSingleGame_NegativeId","getSingleGame_NegativeId","Returns 404 when requesting a game with a negative ID"
"passed","Mon Oct 05 13:20:11 UTC 2026","Mon Oct 05 13:20:11 UTC 2026","201","","config.VideoGameTests","","config.VideoGameTests","getSingleGameVerifyFields","getSingleGameVerifyFields","Verifies key fields on a single game response"
"passed","Mon Oct 05 13:20:07 UTC 2026","Mon Oct 05 13:20:08 UTC 2026","719","","GpathXMLTests","","GpathXMLTests","getListOfXMLNodesByFindAllOnAttribute","getListOfXMLNodesByFindAllOnAttribute","Filters games by category attribute using GPath findAll and returns matching names"
"passed","Mon Oct 05 13:20:13 UTC 2026","Mon Oct 05 13:20:13 UTC 2026","191","","config.VideoGameTests","","config.VideoGameTests","getAllGamesVerifyListNotEmpty","getAllGamesVerifyListNotEmpty","Verifies the games list is not empty"
"passed","Mon Oct 05 13:20:11 UTC 2026","Mon Oct 05 13:20:12 UTC 2026","365","","config.VideoGameTests","","config.VideoGameTests","testVideoGameSchemaJSON","testVideoGameSchemaJSON","Validates the response against the VideoGame JSON schema"
"passed","Mon Oct 05 13:20:07 UTC 2026","Mon Oct 05 13:20:07 UTC 2026","215","","MyFirstVideoGame","","MyFirstVideoGame","myFirstTest","myFirstTest","Sends GET to /videogame and logs the full request and response"
"passed","Mon Oct 05 13:20:14 UTC 2026","Mon Oct 05 13:20:15 UTC 2026","194","","config.VideoGameNegativeParameterizedTests","","config.VideoGameNegativeParameterizedTests","getSingleGame_InvalidId_Returns404[gameId = -1]","getSingleGame_InvalidId_Returns404[gameId = -1]","Verifies that non-existent or invalid game IDs return 404"
"passed","Mon Oct 05 13:20:13 UTC 2026","Mon Oct 05 13:20:14 UTC 2026","175","","config.VideoGameNegativeTests","","config.VideoGameNegativeTests","createGame_EmptyBody","createGame_EmptyBody","Returns 4xx when POSTing a game with an empty JSON body"
"passed","Mon Oct 05 13:20:13 UTC 2026","Mon Oct 05 13:20:13 UTC 2026","180","","config.VideoGameTests","","config.VideoGameTests","deleteGame","deleteGame","Deletes a video game by ID"
"passed","Mon Oct 05 13:20:08 UTC 2026","Mon Oct 05 13:20:08 UTC 2026","225","","GpathXMLTests","","GpathXMLTests","getListOfXMlNodes","getListOfXMlNodes","Extracts all game names as a list using List.item.name"
"passed","Mon Oct 05 13:20:12 UTC 2026","Mon Oct 05 13:20:13 UTC 2026","203","","config.VideoGameTests","","config.VideoGameTests","assertOnResponseTime","assertOnResponseTime","Asserts that the response time is under 1000 ms"
"passed","Mon Oct 05 13:20:15 UTC 2026","Mon Oct 05 13:20:15 UTC 2026","198","","GpathJSONTest","","GpathJSONTest","extractSingleValueWithHighestNumber","extractSingleValueWithHighestNumber","Returns the name of the game with the highest ID using GPath max expression"
"passed","Mon Oct 05 13:20:15 UTC 2026","Mon Oct 05 13:20:15 UTC 2026","191","","config.VideoGameNegativeParameterizedTests","","config.VideoGameNegativeParameterizedTests","getSingleGame_InvalidId_Returns404[gameId = 99,999]","getSingleGame_InvalidId_Returns404[gameId = 99,999]","Verifies that non-existent or invalid game IDs return 404"
"passed","Mon Oct 05 13:20:12 UTC 2026","Mon Oct 05 13:20:12 UTC 2026","199","","config.VideoGameTests","","config.VideoGameTests","updateGame","updateGame","Updates an existing video game by ID"
"passed","Mon Oct 05 13:20:11 UTC 2026","Mon Oct 05 13:20:11 UTC 2026","185","","config.VideoGameTests","","config.VideoGameTests","createNewGameByXML","createNewGameByXML","Creates a new video game using an XML body"
"passed","Mon Oct 05 13:20:08 UTC 2026","Mon Oct 05 13:20:08 UTC 2026","203","","GpathXMLTests","","GpathXMLTests","getFirstGameInList","getFirstGameInList","Extracts the name of the first game in the XML list using List.item[0].name"
"passed","Mon Oct 05 13:20:09 UTC 2026","Mon Oct 05 13:20:09 UTC 2026","300","","config.VideoGameParameterizedTests","","config.VideoGameParameterizedTests","getSingleGame_ReturnsValidFields[gameId = 1]","getSingleGame_ReturnsValidFields[gameId = 1]","Verifies each valid game ID returns 200 with non-null name and category"
"passed","Mon Oct 05 13:20:12 UTC 2026","Mon Oct 05 13:20:12 UTC 2026","217","","config.VideoGameTests","","config.VideoGameTests","testVideoGameSerializationXML","testVideoGameSerializationXML","Validates the response against the VideoGame XSD schema"
"passed","Mon Oct 05 13:20:12 UTC 2026","Mon Oct 05 13:20:12 UTC 2026","175","","config.VideoGameTests","","config.VideoGameTests","catureResponseTime","catureResponseTime","Captures and prints the response time in milliseconds"
"passed","Mon Oct 05 13:20:14 UTC 2026","Mon Oct 05 13:20:14 UTC 2026","198","","config.VideoGameNegativeTests","","config.VideoGameNegativeTests","getSingleGame_NotFound","getSingleGame_NotFound","Returns 404 when requesting a game ID that does not exist"
"passed","Mon Oct 05 13:20:12 UTC 2026","Mon Oct 05 13:20:12 UTC 2026","180","","config.VideoGameTests","","config.VideoGameTests","getAllGames","getAllGames","Retrieves the full list of video games"
"passed","Mon Oct 05 13:20:08 UTC 2026","Mon Oct 05 13:20:08 UTC 2026","223","","GpathXMLTests","","GpathXMLTests","getAttribute","getAttribute","Reads the category attribute from the first XML item using List.item[0].@category"
